,model,pseudo-r2
0,lr-rfe,0.26454707112320497
1,lr-all,0.26454707112320486
2,lr-lasso,0.2643674884708461
