,model,pseudo-r2
0,lr-all,0.22989062663333037
1,lr-rfe,0.22989062663332727
2,lr-lasso,0.22667111729733147
