,model,pseudo-r2
0,lr-all,0.4134325256289705
1,lr-rfe,0.4134325256289705
2,lr-lasso,0.41322326558834466
