,model,pseudo-r2
0,lr-all,0.3406932698316697
1,lr-rfe,0.3406932698316508
2,lr-lasso,0.3398807271338631
