,model,pseudo-r2
0,lr-all,0.3618348365043571
1,lr-rfe,0.361834836504355
2,lr-lasso,0.3608117212160534
