,model,pseudo-r2
0,lr-rfe,0.45821771689707
1,lr-all,0.4582177168970608
2,lr-lasso,0.4565728228770286
