,model,pseudo-r2
0,lr-all,0.22416395843523407
1,lr-rfe,0.2241639584352333
2,lr-lasso,0.22406306027613598
