,model,pseudo-r2
0,lr-all,0.3761806471256316
1,lr-rfe,0.37602811082619814
2,lr-lasso,0.3752473421708066
