,model,pseudo-r2
0,lr-all,0.34426911285571626
1,lr-lasso,0.34308007339190316
2,lr-rfe,0.34067858195009637
