,model,pseudo-r2
0,lr-all,0.2616024209258422
1,lr-rfe,0.2616024209258365
2,lr-lasso,0.26155485234956466
