,model,pseudo-r2
0,lr-rfe,0.505985488275216
1,lr-all,0.5059854882752146
2,lr-lasso,0.5049563447732939
